Date,Price,Open,High,Low,Vol.,Change %,Company
09/01/2023,151.15,162.55,163.53,150.7,,-6.77%,IAGI
08/01/2023,162.12,171.0,172.9,157.5,,-5.13%,IAGI
07/01/2023,170.88,162.65,171.85,149.4,,5.55%,IAGI
06/01/2023,161.9,154.5,166.9,153.2,,4.96%,IAGI
05/01/2023,154.25,153.05,162.2,144.95,,1.50%,IAGI
04/01/2023,151.97,149.9,153.05,143.6,,0.47%,IAGI
03/01/2023,151.26,155.3,157.36,127.88,,-2.20%,IAGI
02/01/2023,154.66,168.66,173.04,152.1,,-8.10%,IAGI
01/01/2023,168.3,125.92,172.34,125.85,,34.62%,IAGI
12/01/2022,125.02,135.96,137.6,122.78,,-7.03%,IAGI
11/01/2022,134.48,122.7,142.0,119.46,,13.23%,IAGI
10/01/2022,118.77,95.49,121.96,90.51,,25.62%,IAGI
09/01/2022,94.55,107.66,114.07,93.65,,-12.10%,IAGI
08/01/2022,107.57,119.37,123.85,105.52,,-10.48%,IAGI
07/01/2022,120.16,107.6,125.64,102.22,,12.04%,IAGI
06/01/2022,107.25,129.76,130.14,104.48,,-17.65%,IAGI
05/01/2022,130.23,143.9,151.5,119.26,,-9.78%,IAGI
04/01/2022,144.34,143.53,155.93,130.66,,0.59%,IAGI
03/01/2022,143.49,151.1,154.72,109.52,,-7.11%,IAGI
02/01/2022,154.48,158.38,180.0,143.1,,-0.45%,IAGI
01/01/2022,155.18,154.1,168.4,142.48,,8.84%,IAGI
12/01/2021,142.57,129.96,147.94,124.72,,9.39%,IAGI
11/01/2021,130.33,162.84,183.04,122.07,,-19.60%,IAGI
10/01/2021,162.11,175.0,193.76,153.42,,-9.87%,IAGI
09/01/2021,179.86,162.26,188.12,136.74,,13.66%,IAGI
08/01/2021,158.24,171.76,178.84,155.62,,-9.83%,IAGI
07/01/2021,175.5,174.98,196.0,156.8,,1.72%,IAGI
06/01/2021,172.54,203.85,209.9,167.66,,-14.75%,IAGI
05/01/2021,202.39,207.55,213.9,185.6,,-0.29%,IAGI
04/01/2021,202.97,199.64,219.15,189.92,,0.82%,IAGI
03/01/2021,201.32,198.65,221.95,181.5,,1.32%,IAGI
02/01/2021,198.7,144.3,199.45,141.3,,37.84%,IAGI
01/01/2021,144.15,164.8,166.3,133.8,,-9.90%,IAGI
12/01/2020,159.99,156.9,178.75,125.3,,3.49%,IAGI
11/01/2020,154.59,93.24,177.5,89.32,,65.57%,IAGI
10/01/2020,93.37,95.94,110.2,88.88,,-0.02%,IAGI
09/01/2020,93.39,207.1,226.3,89.54,,-56.28%,IAGI
08/01/2020,213.63,166.4,220.29,155.55,,27.18%,IAGI
07/01/2020,167.98,221.9,237.6,163.31,,-25.13%,IAGI
06/01/2020,224.36,243.6,360.6,3.0,,-5.36%,IAGI
05/01/2020,237.06,216.25,264.3,159.4,,7.30%,IAGI
04/01/2020,220.93,208.7,264.4,197.5,,3.04%,IAGI
03/01/2020,214.42,482.0,482.0,192.85,,-55.86%,IAGI
02/01/2020,485.81,574.3,645.0,462.4,,-15.32%,IAGI
01/01/2020,573.69,626.8,683.4,568.5,,-8.36%,IAGI
12/01/2019,626.0,555.6,644.2,532.4,,12.77%,IAGI
11/01/2019,555.11,532.8,577.0,527.4,,7.85%,IAGI
10/01/2019,514.71,479.1,533.4,448.01,,9.09%,IAGI
09/01/2019,471.8,422.2,486.3,416.85,,11.36%,IAGI
08/01/2019,423.67,425.6,470.0,411.8,,0.58%,IAGI
07/01/2019,421.22,474.7,497.1,413.8,,-10.25%,IAGI
06/01/2019,469.34,446.8,475.8,441.5,,3.27%,IAGI
05/01/2019,454.5,542.0,548.8,4.64,,-16.28%,IAGI
04/01/2019,542.87,503.6,566.5,499.0,,6.39%,IAGI
03/01/2019,510.26,601.4,610.0,506.2,,-16.24%,IAGI
02/01/2019,609.2,644.3,667.5,594.8,,-5.28%,IAGI
01/01/2019,643.18,599.2,650.2,582.4,,2.88%,IAGI
12/01/2018,625.19,636.0,637.0,580.6,,-0.30%,IAGI
11/01/2018,627.1,600.0,668.8,6.39,,4.32%,IAGI
10/01/2018,601.12,648.2,660.2,547.0,,-9.01%,IAGI
09/01/2018,660.67,694.2,705.6,643.4,,-4.87%,IAGI
08/01/2018,694.51,714.0,718.63,651.6,,-2.18%,IAGI
07/01/2018,710.0,658.4,714.6,653.2,,6.27%,IAGI
06/01/2018,668.12,685.5,726.8,654.6,,-2.78%,IAGI
05/01/2018,687.2,630.4,706.4,630.4,,8.86%,IAGI
04/01/2018,631.28,603.9,636.4,592.6,,2.42%,IAGI
03/01/2018,616.38,615.4,635.6,587.2,,0.49%,IAGI
02/01/2018,613.35,644.4,653.6,6.22,,-4.33%,IAGI
01/01/2018,641.1,659.0,680.4,632.8,,-1.29%,IAGI
12/01/2017,649.5,613.75,651.5,607.0,,5.90%,IAGI
11/01/2017,613.33,640.0,644.0,582.5,,-3.56%,IAGI
10/01/2017,636.0,591.0,676.0,591.0,,7.07%,IAGI
09/01/2017,594.0,616.0,619.5,580.5,,-3.02%,IAGI
08/01/2017,612.5,580.5,638.5,579.0,,5.97%,IAGI
07/01/2017,578.0,618.0,637.0,569.5,,-5.05%,IAGI
06/01/2017,608.75,605.5,632.25,575.5,,0.95%,IAGI
05/01/2017,603.0,563.5,618.0,549.0,,7.58%,IAGI
04/01/2017,560.5,530.0,569.5,516.5,,5.95%,IAGI
03/01/2017,529.0,539.0,576.5,523.5,,-1.49%,IAGI
02/01/2017,537.0,482.5,540.0,472.2,,12.34%,IAGI
01/01/2017,478.0,447.4,509.0,443.15,,8.86%,IAGI
12/01/2016,439.1,431.3,461.0,406.3,,1.15%,IAGI
11/01/2016,434.1,438.1,463.3,417.7,,-0.12%,IAGI
10/01/2016,434.6,399.1,446.5,357.4,,9.09%,IAGI
09/01/2016,398.4,383.9,430.8,383.9,,3.94%,IAGI
08/01/2016,383.3,407.9,413.3,383.0,24.64M,-6.01%,IAGI
07/01/2016,407.8,374.1,439.9,345.8,75.72M,9.96%,IAGI
06/01/2016,370.86,535.5,538.0,337.4,66.12M,-30.87%,IAGI
05/01/2016,536.5,522.0,552.5,501.5,33.04M,1.85%,IAGI
04/01/2016,526.75,550.0,564.0,518.5,49.31M,-4.66%,IAGI
03/01/2016,552.5,547.5,567.0,526.5,31.68M,1.27%,IAGI
02/01/2016,545.56,543.5,571.0,469.2,42.35M,1.91%,IAGI
01/01/2016,535.36,602.0,614.0,509.5,39.74M,-12.24%,IAGI
12/01/2015,610.0,572.0,618.0,565.5,30.91M,7.35%,IAGI
11/01/2015,568.25,570.0,616.0,542.0,38.87M,-0.89%,IAGI
10/01/2015,573.36,592.0,617.5,551.5,51.58M,-1.69%,IAGI
09/01/2015,583.24,532.0,611.5,521.0,44.06M,8.10%,IAGI
08/01/2015,539.53,534.0,558.0,480.6,28.61M,0.19%,IAGI
07/01/2015,538.53,498.6,578.0,476.7,23.73M,9.02%,IAGI
06/01/2015,493.96,557.0,567.0,481.1,25.46M,-11.71%,IAGI
05/01/2015,559.49,543.0,581.5,530.5,19.50M,3.27%,IAGI
04/01/2015,541.76,600.5,617.5,533.5,17.17M,-10.38%,IAGI
03/01/2015,604.5,568.0,630.0,541.5,20.75M,4.40%,IAGI
02/01/2015,579.0,543.5,595.0,518.0,28.23M,6.34%,IAGI
01/01/2015,544.5,495.0,587.5,463.4,37.46M,11.92%,IAGI
12/01/2014,486.5,460.9,487.0,442.3,20.85M,6.43%,IAGI
11/01/2014,457.1,411.4,468.0,398.0,18.59M,11.87%,IAGI
10/01/2014,408.6,365.0,411.5,317.1,34.68M,11.12%,IAGI
09/01/2014,367.7,361.5,384.8,357.3,16.12M,2.17%,IAGI
08/01/2014,359.9,346.4,365.2,306.5,19.73M,8.60%,IAGI
07/01/2014,331.4,372.1,379.4,322.7,25.08M,-10.87%,IAGI
06/01/2014,371.8,396.0,425.0,367.8,18.44M,-5.49%,IAGI
05/01/2014,393.4,407.5,414.5,350.5,16.19M,-2.62%,IAGI
04/01/2014,404.0,418.2,447.0,370.1,18.93M,-3.12%,IAGI
03/01/2014,417.0,433.0,452.9,408.8,13.06M,-4.73%,IAGI
02/01/2014,437.7,419.4,457.1,403.0,13.40M,5.27%,IAGI
01/01/2014,415.8,401.1,442.8,396.7,17.18M,3.64%,IAGI
09/01/2023,434.10,425.20,464.40,413.00,1.94M,2.58%,EZJ
08/01/2023,423.20,451.10,462.00,409.40,58.39M,-6.43%,EZJ
07/01/2023,452.30,484.90,504.12,437.70,72.91M,-6.28%,EZJ
06/01/2023,482.60,472.00,514.40,465.79,58.71M,2.40%,EZJ
05/01/2023,471.30,500.80,534.80,467.00,59.88M,-5.29%,EZJ
04/01/2023,497.60,512.80,533.00,481.00,58.61M,-4.01%,EZJ
03/01/2023,518.40,485.00,582.71,439.28,90.27M,6.58%,EZJ
02/01/2023,486.40,489.90,514.79,457.30,59.17M,-1.12%,EZJ
01/01/2023,491.90,328.50,522.40,326.30,104.64M,51.54%,EZJ
12/01/2022,324.60,397.50,404.00,320.50,51.83M,-17.00%,EZJ
11/01/2022,391.10,354.80,428.00,332.82,93.07M,12.26%,EZJ
10/01/2022,348.40,284.90,360.71,276.87,101.60M,17.54%,EZJ
09/01/2022,296.40,355.90,375.90,279.00,108.06M,-17.62%,EZJ
08/01/2022,359.80,403.00,429.93,352.68,74.47M,-9.91%,EZJ
07/01/2022,399.40,364.00,403.00,338.25,135.29M,8.95%,EZJ
06/01/2022,366.60,522.40,524.20,352.50,133.41M,-29.17%,EZJ
05/01/2022,517.60,557.20,573.20,468.10,119.08M,-7.74%,EZJ
04/01/2022,561.00,559.20,604.24,513.20,74.60M,0.79%,EZJ
03/01/2022,556.60,607.40,618.40,417.40,178.06M,-7.63%,EZJ
02/01/2022,602.60,628.80,729.20,584.33,127.46M,-2.59%,EZJ
01/01/2022,618.60,595.00,649.60,588.00,114.44M,11.26%,EZJ
12/01/2021,556.00,513.20,577.60,482.90,103.96M,11.98%,EZJ
11/01/2021,496.50,618.00,685.00,457.50,139.11M,-20.30%,EZJ
10/01/2021,623.00,658.83,717.61,575.76,137.51M,-6.00%,EZJ
09/01/2021,662.80,678.75,721.00,550.20,183.02M,-1.10%,EZJ
08/01/2021,670.16,718.83,730.44,654.00,55.80M,-5.93%,EZJ
07/01/2021,712.43,761.93,820.70,633.96,83.79M,-5.43%,EZJ
06/01/2021,753.34,839.39,862.12,734.48,85.21M,-11.10%,EZJ
05/01/2021,847.39,883.17,921.89,794.26,60.91M,-2.85%,EZJ
04/01/2021,872.22,833.49,884.02,770.52,72.29M,5.91%,EZJ
03/01/2021,823.56,846.12,895.37,745.26,88.66M,-0.75%,EZJ
02/01/2021,829.79,619.48,860.53,607.86,101.72M,35.31%,EZJ
01/01/2021,613.25,708.22,727.75,572.50,100.62M,-12.24%,EZJ
12/01/2020,698.79,689.70,798.98,564.40,91.50M,3.05%,EZJ
11/01/2020,678.08,415.57,718.49,386.47,132.37M,59.23%,EZJ
10/01/2020,425.84,429.38,469.45,385.43,86.73M,0.84%,EZJ
09/01/2020,422.30,527.71,554.82,395.95,98.86M,-20.78%,EZJ
08/01/2020,533.10,419.02,552.09,409.67,85.78M,28.39%,EZJ
07/01/2020,415.23,572.50,613.92,413.64,100.58M,-27.47%,EZJ
06/01/2020,572.50,588.83,804.53,543.37,170.58M,0.00%,EZJ
05/01/2020,572.50,495.04,650.13,375.24,144.57M,12.73%,EZJ
04/01/2020,507.84,466.42,588.50,389.55,107.58M,5.64%,EZJ
03/01/2020,480.73,961.04,964.83,345.18,131.18M,-48.12%,EZJ
02/01/2020,926.53,"1,187.10","1,321.80",868.03,60.91M,-21.00%,EZJ
01/01/2020,"1,172.78","1,206.04","1,301.10","1,119.74",42.32M,-2.21%,EZJ
12/01/2019,"1,199.31","1,122.69","1,311.28","1,084.38",45.49M,6.47%,EZJ
11/01/2019,"1,126.48","1,047.76","1,156.70","1,041.45",41.54M,8.08%,EZJ
10/01/2019,"1,042.29",967.78,"1,119.74",897.06,63.22M,7.65%,EZJ
09/01/2019,968.20,809.08,979.69,763.38,49.25M,19.37%,EZJ
08/01/2019,811.10,809.08,864.22,739.70,46.51M,-0.06%,EZJ
07/01/2019,811.60,808.24,943.36,793.42,66.15M,1.13%,EZJ
06/01/2019,802.51,729.27,803.86,707.21,76.71M,9.41%,EZJ
05/01/2019,733.47,985.04,996.40,724.05,65.86M,-25.12%,EZJ
04/01/2019,979.57,888.22,"1,036.39",839.64,56.46M,4.12%,EZJ
03/01/2019,940.84,"1,043.55","1,068.81",921.05,47.50M,-8.96%,EZJ
02/01/2019,"1,033.45","1,060.81","1,151.32","1,022.08",46.99M,-2.89%,EZJ
01/01/2019,"1,064.18",935.79,"1,108.38",907.16,59.70M,14.39%,EZJ
12/01/2018,930.31,946.31,961.46,867.17,40.30M,-0.67%,EZJ
11/01/2018,936.63,"1,003.98","1,084.80",920.21,66.56M,-7.29%,EZJ
10/01/2018,"1,010.30","1,052.39","1,078.49",893.69,69.10M,-8.68%,EZJ
09/01/2018,"1,106.27","1,282.23","1,305.81","1,077.23",52.67M,-13.84%,EZJ
08/01/2018,"1,283.92","1,364.32","1,377.79","1,268.34",35.60M,-5.81%,EZJ
07/01/2018,"1,363.06","1,396.31","1,463.62","1,318.01",46.70M,-3.23%,EZJ
06/01/2018,"1,408.52","1,443.88","1,522.60","1,384.10",38.69M,-2.11%,EZJ
05/01/2018,"1,438.83","1,339.06","1,512.50","1,337.38",55.48M,7.48%,EZJ
04/01/2018,"1,338.64","1,338.22","1,411.05","1,307.07",46.73M,-0.90%,EZJ
03/01/2018,"1,350.85","1,385.37","1,420.73","1,301.18",54.39M,-4.44%,EZJ
02/01/2018,"1,413.57","1,398.00","1,430.14","1,326.85",44.34M,1.14%,EZJ
01/01/2018,"1,397.58","1,226.67","1,427.61","1,214.88",68.17M,13.39%,EZJ
12/01/2017,"1,232.56","1,176.99","1,235.93","1,153.42",62.45M,4.13%,EZJ
11/01/2017,"1,183.73","1,132.37","1,207.30","1,043.97",68.08M,5.00%,EZJ
10/01/2017,"1,127.32","1,043.97","1,134.06","1,030.50",72.88M,10.02%,EZJ
09/01/2017,"1,024.61","1,006.09","1,047.55",955.78,71.91M,1.76%,EZJ
08/01/2017,"1,006.93","1,043.97","1,155.10",994.30,58.99M,-3.24%,EZJ
07/01/2017,"1,040.60","1,132.37","1,215.72","1,037.24",81.20M,-9.05%,EZJ
06/01/2017,"1,144.16","1,191.31","1,197.71","1,089.44",76.17M,-3.89%,EZJ
05/01/2017,"1,190.46",979.99,"1,201.41",972.97,108.66M,21.06%,EZJ
04/01/2017,983.35,861.28,989.25,845.84,71.59M,13.84%,EZJ
03/01/2017,863.80,809.08,869.70,788.03,98.01M,7.89%,EZJ
02/01/2017,800.66,798.55,838.36,763.10,78.13M,0.11%,EZJ
01/01/2017,799.82,846.12,911.79,799.82,95.56M,-5.47%,EZJ
12/01/2016,846.12,835.18,882.16,808.24,49.14M,1.52%,EZJ
11/01/2016,833.49,790.14,934.52,782.56,97.81M,5.66%,EZJ
10/01/2016,788.87,844.44,855.20,716.47,109.76M,-6.95%,EZJ
09/01/2016,847.81,936.21,"1,033.87",835.60,80.68M,-8.87%,EZJ
08/01/2016,930.31,883.17,949.68,839.12,60.58M,6.15%,EZJ
07/01/2016,876.43,926.95,991.77,819.18,79.30M,-4.14%,EZJ
06/01/2016,914.32,"1,293.18","1,299.91",833.49,70.56M,-29.16%,EZJ
05/01/2016,"1,290.65","1,244.35","1,318.44","1,190.17",46.41M,4.07%,EZJ
04/01/2016,"1,240.14","1,272.97","1,303.32","1,203.09",37.62M,-3.03%,EZJ
03/01/2016,"1,278.87","1,271.29","1,328.54","1,191.31",39.60M,0.86%,EZJ
02/01/2016,"1,267.92","1,306.65","1,352.95","1,227.51",44.50M,-2.71%,EZJ
01/01/2016,"1,303.28","1,456.51","1,487.66","1,267.92",42.30M,-11.03%,EZJ
12/01/2015,"1,464.93","1,393.37","1,491.03","1,354.64",28.20M,5.26%,EZJ
11/01/2015,"1,391.68","1,439.67","1,523.02","1,310.86",43.38M,-5.54%,EZJ
10/01/2015,"1,473.35","1,511.23","1,532.28","1,393.37",31.44M,-1.52%,EZJ
09/01/2015,"1,496.08","1,392.52","1,554.41","1,371.02",38.73M,5.59%,EZJ
08/01/2015,"1,416.94","1,379.90","1,473.23","1,315.91",30.20M,2.37%,EZJ
07/01/2015,"1,384.10","1,315.07","1,489.34","1,307.98",43.35M,6.34%,EZJ
06/01/2015,"1,301.60","1,356.32","1,373.16","1,280.55",45.50M,-3.92%,EZJ
05/01/2015,"1,354.64","1,523.02","1,588.47","1,337.80",59.71M,-11.25%,EZJ
04/01/2015,"1,526.39","1,584.48","1,613.11","1,501.97",29.69M,-3.67%,EZJ
03/01/2015,"1,584.48","1,454.83","1,603.00","1,385.79",42.98M,8.66%,EZJ
02/01/2015,"1,458.19","1,561.75","1,561.75","1,399.26",43.98M,-6.98%,EZJ
01/01/2015,"1,567.64","1,415.26","1,624.05","1,331.91",51.46M,11.43%,EZJ
12/01/2014,"1,406.84","1,402.63","1,484.75","1,322.95",37.61M,1.09%,EZJ
11/01/2014,"1,391.68","1,282.23","1,432.11","1,254.45",53.74M,10.20%,EZJ
10/01/2014,"1,262.87","1,198.04","1,269.60","1,096.17",60.51M,5.41%,EZJ
09/01/2014,"1,198.04","1,120.59","1,212.35","1,081.86",41.15M,6.59%,EZJ
08/01/2014,"1,123.95","1,088.59","1,161.67","1,016.19",36.39M,3.09%,EZJ
07/01/2014,"1,090.28","1,155.95","1,195.52","1,039.76",80.37M,-5.13%,EZJ
06/01/2014,"1,149.21","1,295.70","1,370.63","1,144.16",43.38M,-10.78%,EZJ
05/01/2014,"1,288.13","1,378.21","1,464.93","1,240.14",37.33M,-6.54%,EZJ
04/01/2014,"1,378.21","1,450.62","1,560.06","1,351.27",28.18M,-4.55%,EZJ
03/01/2014,"1,443.88","1,425.36","1,482.26","1,328.54",30.55M,-0.35%,EZJ
02/01/2014,"1,448.93","1,354.57","1,458.59","1,322.55",25.89M,7.36%,EZJ
01/01/2014,"1,349.64","1,264.26","1,430.91","1,257.04",36.82M,7.03%,EZJ
09/01/2023,"1,093.00","1,061.00","1,167.00","1,018.00",271.14K,3.60%,JET2
08/01/2023,"1,055.00","1,149.00","1,190.00","1,034.00",8.75M,-6.14%,JET2
07/01/2023,"1,124.00","1,261.00","1,297.00","1,072.00",18.35M,-9.79%,JET2
06/01/2023,"1,246.00","1,219.00","1,305.56","1,165.00",19.89M,4.18%,JET2
05/01/2023,"1,196.00","1,168.00","1,307.03","1,150.00",9.54M,-2.45%,JET2
04/01/2023,"1,226.00","1,316.00","1,368.00","1,195.00",9.94M,-6.59%,JET2
03/01/2023,"1,312.50","1,330.00","1,394.50","1,200.50",22.30M,1.47%,JET2
02/01/2023,"1,293.50","1,221.50","1,341.50","1,173.50",14.71M,6.46%,JET2
01/01/2023,"1,215.00",958.80,"1,244.50",931.00,20.96M,26.77%,JET2
12/01/2022,958.40,"1,034.00","1,035.00",936.20,15.32M,-4.87%,JET2
11/01/2022,"1,007.50",858.40,"1,053.00",841.00,25.64M,18.56%,JET2
10/01/2022,849.80,675.00,874.60,637.40,13.22M,22.63%,JET2
09/01/2022,693.00,890.00,938.00,679.14,15.50M,-18.89%,JET2
08/01/2022,854.40,870.80,"1,027.22",828.00,7.63M,-6.79%,JET2
07/01/2022,916.60,914.80,935.13,739.55,16.73M,1.19%,JET2
06/01/2022,905.80,"1,219.00","1,219.00",870.60,8.96M,-22.45%,JET2
05/01/2022,"1,168.00","1,270.00","1,290.00","1,064.50",9.71M,-5.84%,JET2
04/01/2022,"1,240.50","1,195.50","1,356.50","1,105.00",9.70M,8.34%,JET2
03/01/2022,"1,145.00","1,295.50","1,310.00",912.40,16.71M,-10.79%,JET2
02/01/2022,"1,283.50","1,313.00","1,434.19","1,193.63",12.89M,-2.62%,JET2
01/01/2022,"1,318.00","1,104.50","1,329.00","1,104.50",13.74M,18.21%,JET2
12/01/2021,"1,115.00",980.80,"1,131.00",916.60,11.62M,14.22%,JET2
11/01/2021,976.20,"1,219.00","1,371.00",953.20,20.77M,-19.95%,JET2
10/01/2021,"1,219.50","1,281.00","1,330.00","1,162.00",11.34M,-4.73%,JET2
09/01/2021,"1,280.00","1,169.00","1,349.50","1,054.50",14.73M,10.92%,JET2
08/01/2021,"1,154.00","1,282.00","1,344.00","1,133.50",9.58M,-7.05%,JET2
07/01/2021,"1,241.50","1,200.00","1,293.00","1,020.00",22.43M,4.90%,JET2
06/01/2021,"1,183.50","1,377.00","1,400.00","1,159.88",24.16M,-12.33%,JET2
05/01/2021,"1,350.00","1,492.00","1,573.22","1,322.50",10.00M,-9.49%,JET2
04/01/2021,"1,491.50","1,261.00","1,508.70","1,206.00",12.20M,17.63%,JET2
03/01/2021,"1,268.00","1,484.00","1,504.00","1,200.00",19.71M,-12.79%,JET2
02/01/2021,"1,454.00","1,335.00","1,498.09","1,180.00",30.20M,10.24%,JET2
01/01/2021,"1,319.00","1,472.00","1,524.00","1,177.00",13.22M,-7.76%,JET2
12/01/2020,"1,430.00","1,419.00","1,520.00","1,218.00",17.68M,2.22%,JET2
11/01/2020,"1,399.00",830.00,"1,433.00",771.00,24.20M,64.49%,JET2
10/01/2020,850.50,670.00,970.50,660.50,13.13M,26.66%,JET2
09/01/2020,671.50,710.00,765.00,620.00,13.11M,-5.95%,JET2
08/01/2020,714.00,646.38,799.50,613.50,8.22M,10.44%,JET2
07/01/2020,646.50,849.50,900.50,577.00,20.21M,-22.99%,JET2
06/01/2020,839.50,921.50,"1,038.00",762.00,21.90M,-4.82%,JET2
05/01/2020,882.00,643.50,965.00,429.80,33.09M,37.06%,JET2
04/01/2020,643.50,535.00,758.00,460.20,20.53M,16.79%,JET2
03/01/2020,551.00,"1,252.00","1,280.00",182.50,34.52M,-55.17%,JET2
02/01/2020,"1,229.00","1,698.00","1,950.00","1,126.00",12.37M,-27.71%,JET2
01/01/2020,"1,700.00","1,695.00","1,842.00","1,618.75",8.08M,0.35%,JET2
12/01/2019,"1,694.00","1,482.00","1,763.00","1,452.50",10.69M,14.30%,JET2
11/01/2019,"1,482.00","1,265.00","1,500.00","1,221.00",10.92M,17.15%,JET2
10/01/2019,"1,265.00",905.50,"1,287.40",905.50,19.84M,38.25%,JET2
09/01/2019,915.00,718.00,933.00,675.60,6.91M,21.68%,JET2
08/01/2019,752.00,761.50,795.00,699.00,4.71M,-0.99%,JET2
07/01/2019,759.50,835.50,898.50,751.00,10.97M,-9.04%,JET2
06/01/2019,835.00,889.50,920.50,817.00,7.39M,-6.86%,JET2
05/01/2019,896.50,932.00,973.50,872.50,6.12M,-3.71%,JET2
04/01/2019,931.00,794.00,934.50,772.00,5.01M,17.33%,JET2
03/01/2019,793.50,820.00,862.00,793.00,4.22M,-1.37%,JET2
02/01/2019,804.50,792.50,855.00,777.00,3.38M,1.32%,JET2
01/01/2019,794.00,799.00,870.00,752.00,4.94M,2.85%,JET2
12/01/2018,772.00,851.50,860.50,741.00,3.32M,-7.54%,JET2
11/01/2018,835.00,838.50,985.00,781.50,8.01M,-1.76%,JET2
10/01/2018,850.00,924.50,937.50,802.00,7.86M,-8.85%,JET2
09/01/2018,932.50,989.30,"1,053.00",876.00,5.61M,-4.75%,JET2
08/01/2018,979.00,920.00,997.50,919.50,5.88M,6.36%,JET2
07/01/2018,920.50,765.50,"1,030.00",735.50,14.37M,18.39%,JET2
06/01/2018,777.50,816.50,865.00,725.00,5.31M,-3.72%,JET2
05/01/2018,807.50,858.00,888.00,802.50,4.32M,-5.83%,JET2
04/01/2018,857.50,826.50,878.50,818.00,4.84M,3.00%,JET2
03/01/2018,832.50,806.50,863.00,787.00,8.96M,3.16%,JET2
02/01/2018,807.00,684.00,835.50,630.00,9.32M,17.98%,JET2
01/01/2018,684.00,673.50,707.50,651.50,6.66M,0.51%,JET2
12/01/2017,680.50,699.50,712.50,668.50,4.53M,-2.99%,JET2
11/01/2017,701.50,600.50,724.50,577.40,11.38M,16.92%,JET2
10/01/2017,600.00,540.00,610.50,540.00,13.03M,11.84%,JET2
09/01/2017,536.50,520.00,543.50,498.25,12.04M,3.87%,JET2
08/01/2017,516.50,485.50,546.00,485.50,15.10M,6.22%,JET2
07/01/2017,486.25,616.00,667.25,484.75,23.93M,-21.00%,JET2
06/01/2017,615.50,619.50,630.50,592.50,8.95M,-1.52%,JET2
05/01/2017,625.00,614.50,650.00,600.50,12.63M,2.71%,JET2
04/01/2017,608.50,515.50,617.00,512.00,14.82M,17.93%,JET2
03/01/2017,516.00,539.00,549.50,512.00,14.27M,-3.28%,JET2
02/01/2017,533.50,516.00,542.00,497.69,14.73M,4.61%,JET2
01/01/2017,510.00,498.00,520.88,476.25,13.78M,2.82%,JET2
12/01/2016,496.00,476.00,512.19,461.50,12.00M,3.98%,JET2
11/01/2016,477.00,361.00,485.50,360.00,27.21M,32.96%,JET2
10/01/2016,358.75,425.00,429.00,354.50,19.22M,-14.38%,JET2
09/01/2016,419.00,445.00,486.25,409.50,31.59M,-6.63%,JET2
08/01/2016,448.75,485.00,518.50,439.65,15.37M,-7.47%,JET2
07/01/2016,485.00,535.50,588.50,469.25,19.87M,-7.97%,JET2
06/01/2016,527.00,650.00,657.00,507.65,13.55M,-18.74%,JET2
05/01/2016,648.50,618.50,675.00,615.00,9.61M,3.84%,JET2
04/01/2016,624.50,671.00,684.00,623.50,11.31M,-5.95%,JET2
03/01/2016,664.00,575.00,674.00,548.00,11.69M,16.59%,JET2
02/01/2016,569.50,553.50,579.05,478.75,9.13M,2.89%,JET2
01/01/2016,553.50,586.50,599.00,540.36,7.33M,-5.95%,JET2
12/01/2015,588.50,530.50,598.00,504.50,11.35M,12.85%,JET2
11/01/2015,521.50,479.00,528.00,440.48,5.72M,10.20%,JET2
10/01/2015,473.25,487.93,495.75,440.25,6.91M,-2.22%,JET2
09/01/2015,484.00,459.25,505.00,436.00,5.57M,6.84%,JET2
08/01/2015,453.00,449.75,500.00,408.00,6.65M,1.57%,JET2
07/01/2015,446.00,401.00,452.00,395.00,5.39M,12.91%,JET2
06/01/2015,395.00,412.00,423.50,385.77,5.44M,-4.70%,JET2
05/01/2015,414.50,393.00,426.00,382.25,3.82M,7.11%,JET2
04/01/2015,387.00,365.00,410.00,350.75,6.55M,6.91%,JET2
03/01/2015,362.00,292.50,374.33,289.00,10.03M,23.87%,JET2
02/01/2015,292.25,283.25,297.50,278.48,5.56M,1.39%,JET2
01/01/2015,288.25,289.50,297.75,267.50,5.21M,-0.95%,JET2
12/01/2014,291.00,270.00,299.25,263.23,9.54M,7.98%,JET2
11/01/2014,269.50,253.25,274.75,220.50,13.47M,3.26%,JET2
10/01/2014,261.00,215.75,267.75,200.00,10.44M,20.42%,JET2
09/01/2014,216.75,220.50,230.00,209.00,7.36M,-0.80%,JET2
08/01/2014,218.50,205.75,222.50,193.46,6.78M,4.55%,JET2
07/01/2014,209.00,207.00,223.50,200.25,10.24M,1.46%,JET2
06/01/2014,206.00,276.84,284.25,177.75,18.45M,-25.36%,JET2
05/01/2014,276.00,294.50,298.25,255.25,6.25M,-6.28%,JET2
04/01/2014,294.50,278.25,304.50,265.75,7.10M,5.75%,JET2
03/01/2014,278.50,286.75,300.00,268.00,6.62M,-2.88%,JET2
02/01/2014,286.75,250.25,289.00,244.50,6.42M,12.23%,JET2
01/01/2014,255.50,247.25,263.75,237.90,6.68M,3.86%,JET2
09/01/2023,7.97,8.26,8.43,5.57,,-3.63%,0H4A
08/01/2023,8.27,9.21,9.25,8.08,,-10.21%,0H4A
07/01/2023,9.21,9.41,9.59,8.61,,-2.13%,0H4A
06/01/2023,9.41,9.22,9.65,9.02,,3.18%,0H4A
05/01/2023,9.12,9.73,9.93,9.05,,-5.79%,0H4A
04/01/2023,9.68,10.28,10.48,9.36,,-5.84%,0H4A
03/01/2023,10.28,9.81,11.16,9.11,,4.79%,0H4A
02/01/2023,9.81,9.69,9.96,9.15,,1.55%,0H4A
01/01/2023,9.66,7.87,9.88,7.86,,24.01%,0H4A
12/01/2022,7.79,7.68,8.25,7.55,,2.10%,0H4A
11/01/2022,7.63,7.0,7.65,6.82,,9.78%,0H4A
10/01/2022,6.95,5.69,7.01,5.53,,17.80%,0H4A
09/01/2022,5.9,5.86,6.47,5.49,,-0.17%,0H4A
08/01/2022,5.91,6.01,6.88,5.83,,-1.66%,0H4A
07/01/2022,6.01,5.53,6.34,5.46,,8.29%,0H4A
06/01/2022,5.55,6.92,6.96,5.32,,-18.86%,0H4A
05/01/2022,6.84,7.17,7.42,6.48,,-4.34%,0H4A
04/01/2022,7.15,7.44,7.57,6.75,,-2.85%,0H4A
03/01/2022,7.36,6.94,7.67,5.26,,6.98%,0H4A
02/01/2022,6.88,6.82,7.92,6.62,,0.73%,0H4A
01/01/2022,6.83,6.8,7.34,6.45,,9.63%,0H4A
12/01/2021,6.23,5.51,6.46,5.44,,15.58%,0H4A
11/01/2021,5.39,5.73,7.13,5.26,,-5.77%,0H4A
10/01/2021,5.72,5.88,6.32,5.37,,-4.19%,0H4A
09/01/2021,5.97,8.59,9.08,5.83,,-29.27%,0H4A
08/01/2021,8.44,9.55,9.76,8.42,,-12.17%,0H4A
07/01/2021,9.61,9.59,10.32,9.21,,1.59%,0H4A
06/01/2021,9.46,10.8,11.25,9.21,,-11.01%,0H4A
05/01/2021,10.63,11.09,11.44,10.14,,-1.12%,0H4A
04/01/2021,10.75,11.37,11.71,10.02,,-5.20%,0H4A
03/01/2021,11.34,12.52,12.96,10.37,,-7.65%,0H4A
02/01/2021,12.28,10.74,12.53,10.44,,15.31%,0H4A
01/01/2021,10.65,10.81,11.21,9.46,,-3.36%,0H4A
12/01/2020,11.02,9.74,11.29,8.83,,12.68%,0H4A
11/01/2020,9.78,7.37,10.79,7.12,,32.70%,0H4A
10/01/2020,7.37,7.45,8.58,6.89,,0.55%,0H4A
09/01/2020,7.33,8.78,9.59,6.85,,-18.56%,0H4A
08/01/2020,9.0,7.51,9.22,7.22,,20.32%,0H4A
07/01/2020,7.48,8.79,9.26,7.48,,-16.33%,0H4A
06/01/2020,8.94,9.9,12.54,8.59,,-2.83%,0H4A
05/01/2020,9.2,8.16,10.07,7.12,,13.44%,0H4A
04/01/2020,8.11,8.41,9.40,7.02,,-5.37%,0H4A
03/01/2020,8.57,11.63,12.29,8.03,,-26.31%,0H4A
02/01/2020,11.63,13.84,15.46,11.53,,-16.03%,0H4A
01/01/2020,13.85,16.4,16.76,13.45,,-17.10%,0H4A
12/01/2019,16.71,17.47,17.63,16.19,,-2.69%,0H4A
11/01/2019,17.17,15.63,17.92,15.56,,10.06%,0H4A
10/01/2019,15.6,14.65,16.22,13.83,,6.81%,0H4A
09/01/2019,14.6,14.03,14.98,13.7,,4.36%,0H4A
08/01/2019,13.99,14.39,14.82,12.59,,-2.34%,0H4A
07/01/2019,14.33,15.1,15.57,14.05,,-4.72%,0H4A
06/01/2019,15.04,17.05,17.96,14.34,,-11.76%,0H4A
05/01/2019,17.05,21.61,21.93,16.81,,-20.59%,0H4A
04/01/2019,21.47,19.61,22.69,19.18,,9.88%,0H4A
03/01/2019,19.53,22.72,23.13,19.17,,-13.35%,0H4A
02/01/2019,22.55,22.17,23.75,21.61,,2.01%,0H4A
01/01/2019,22.1,20.0,22.48,19.23,,14.51%,0H4A
12/01/2018,19.3,21.86,21.86,18.71,,-10.38%,0H4A
11/01/2018,21.53,17.72,21.67,17.72,,21.00%,0H4A
10/01/2018,17.8,20.91,21.13,17.07,,-15.71%,0H4A
09/01/2018,21.11,22.42,23.53,1.0,,-6.07%,0H4A
08/01/2018,22.48,24.26,24.45,22.0,,-6.74%,0H4A
07/01/2018,24.1,20.24,24.19,19.82,,16.79%,0H4A
06/01/2018,20.64,23.2,24.16,20.33,,-11.49%,0H4A
05/01/2018,23.32,24.12,25.53,23.04,,-3.38%,0H4A
04/01/2018,24.14,25.75,27.27,23.7,,-18.14%,0H4A
12/01/2017,29.48,29.48,29.48,28.77,,2.12%,0H4A
11/01/2017,28.87,27.4,"2,594.75",26.29,,5.36%,0H4A
10/01/2017,27.41,23.64,27.67,23.64,,16.67%,0H4A
09/01/2017,23.49,21.21,23.68,21.18,,12.02%,0H4A
08/01/2017,20.97,17.96,21.07,17.96,,15.06%,0H4A
07/01/2017,18.23,19.92,21.15,18.19,,-8.53%,0H4A
06/01/2017,19.92,17.3,20.17,17.24,,14.87%,0H4A
05/01/2017,17.34,15.81,17.34,15.81,,9.71%,0H4A
04/01/2017,15.81,15.2,16.87,14.82,,3.81%,0H4A
03/01/2017,15.23,13.94,15.54,13.66,,9.92%,0H4A
02/01/2017,13.85,12.36,13.94,12.05,,11.60%,0H4A
01/01/2017,12.41,12.54,12.95,11.2,,0.85%,0H4A
12/01/2016,12.31,12.22,12.95,12.03,,0.70%,0H4A
11/01/2016,12.23,11.79,13.15,11.12,,5.12%,0H4A
10/01/2016,11.63,9.84,11.77,9.19,,18.17%,0H4A
09/01/2016,9.84,10.6,11.22,9.5,,-6.14%,0H4A
08/01/2016,10.48,10.7,11.03,10.25,,-1.32%,0H4A
07/01/2016,10.63,10.62,11.55,10.15,,1.82%,0H4A
06/01/2016,10.44,12.57,12.63,9.97,,-17.12%,0H4A
05/01/2016,12.59,13.72,13.84,12.24,,-7.15%,0H4A
04/01/2016,13.56,14.13,14.32,13.51,,-5.11%,0H4A
03/01/2016,14.29,13.84,15.36,13.76,,4.12%,0H4A
02/01/2016,13.73,13.55,13.93,11.88,,2.43%,0H4A
01/01/2016,13.4,14.27,15.33,13.23,,-8.00%,0H4A
12/01/2015,14.56,13.59,14.77,13.11,,6.43%,0H4A
11/01/2015,13.69,13.27,14.22,12.77,,1.90%,0H4A
10/01/2015,13.43,12.56,14.55,12.13,,8.09%,0H4A
09/01/2015,12.43,10.97,12.50,10.53,,12.65%,0H4A
08/01/2015,11.03,12.36,12.47,10.27,,-10.69%,0H4A
07/01/2015,12.35,11.66,13.15,11.34,,6.79%,0H4A
06/01/2015,11.56,12.85,12.85,11.4,,-10.94%,0H4A
05/01/2015,12.98,12.69,13.89,12.28,,4.72%,0H4A
